Id,Price
725,791571
15856,380600
5480,560968
15664,539167
14275,196408
7633,791280
13329,357669
5502,285720
4220,343577
11538,626829
15975,895857
3310,640002
9286,549503
11260,565951
5214,551598
11307,12170
13543,246449
615,588804
3495,355262
2321,595382
12046,440479
16688,343379
12694,97359
783,118259
8968,338170
13454,998176
12190,546611
11160,18380
10291,578557
891,728323
2982,50906
3818,401782
2449,778956
8317,577342
4922,89415
1257,896093
9348,491362
4176,202535
10704,236904
6624,372277
5428,110583
12749,276513
8994,233282
11513,363599
3047,566960
9519,616035
12309,421811
14081,307845
8334,183722
6343,173075
14788,563637
15748,964576
153,540439
14149,620695
269,70964
5452,846929
721,449553
5079,993047
2831,644448
10614,299399
10131,852508
9996,781192
3061,367460
11733,430365
3726,225865
10929,106256
9011,871108
16182,932859
4976,162567
9897,875072
1872,469145
9205,511455
5403,194493
14074,896802
6268,674610
14232,911980
8532,302095
7034,28339
6553,587376
3133,866561
8596,42037
12389,68905
14462,140572
8860,446190
8377,187715
6367,403214
6917,547610
4216,132654
5806,925369
5438,969318
6632,287573
2650,509228
5396,781479
4044,326559
1345,123811
856,863060
12791,723743
12499,259050
12249,262797
14641,476974
1919,929796
7848,121956
10749,96882
15554,842576
15834,495010
1355,141668
15451,50153
12401,571672
10290,828432
9462,507335
3103,532165
3420,937654
12262,281389
5032,354507
8949,243202
15567,325970
16389,942031
7809,172156
8990,385243
16089,484187
12743,887424
5132,579722
1619,10411
2428,156611
16741,41194
13193,951850
12588,80501
5067,110742
14685,900573
2292,764835
5746,721085
12578,611671
14834,103686
2147,636574
8222,678999
10419,517043
11492,260226
3006,382899
8761,140186
15371,838999
16367,516288
6317,633698
10878,760946
3895,526102
8041,984659
13428,194246
14669,363311
1006,68817
12271,774020
3764,486993
7675,70168
11709,306161
8629,91042
1105,780532
6096,740210
11727,323550
5157,871756
3679,401760
1755,523300
7391,554095
7425,359925
6882,667311
10752,415209
7472,394358
14320,901344
9596,880931
5317,816404
7378,394805
16154,71712
3464,32112
4197,597086
9477,75236
12705,657854
16426,861084
1481,372869
9946,808683
12025,175688
5341,940210
9923,782377
7953,757264
11066,112692
5037,661719
2509,551481
4937,519043
12089,768469
4964,94275
16500,658492
4625,134526
2363,61963
8148,522745
3804,741472
4584,696940
10694,568785
2691,990423
2983,689864
13563,394957
10747,666215
1721,755926
2789,870358
7214,72181
8659,431225
5107,721977
3843,937244
14610,565406
15505,875226
5060,715220
16055,699789
14963,535437
4118,51444
1672,666225
3209,122366
16515,65988
973,435000
12529,43865
5896,547268
5450,317454
3249,986031
8911,656596
5898,803313
1024,945858
4766,366438
15804,744557
14303,763198
10707,141866
6605,507842
1138,756267
14088,10771
9154,482099
8190,131745
398,359223
13302,470528
9696,657204
16786,422102
16230,515853
6552,220671
923,270745
9602,3118
5857,975721
8120,721913
7134,145370
11726,881071
8069,721251
12420,689500
8604,611240
4854,847100
12212,775529
12099,50329
3882,295538
6995,267767
10172,415361
11672,749500
12897,389630
16097,16020
6779,704873
11199,320781
10816,829067
143,768987
5399,202101
3286,916075
13706,251646
1935,769058
16000,272541
2860,366708
11407,537571
16378,739381
12278,347767
3842,339374
2692,100242
7699,175460
6825,7198
7268,458892
1477,831723
9887,471321
9436,49563
3179,673380
1350,155160
10643,877344
5793,845193
11494,540327
4206,75040
12419,870493
8530,348629
5985,125756
8908,574805
256,677980
7234,615916
5648,867049
3014,457790
2184,460339
9189,29626
14884,575674
10333,643409
15896,581489
13269,308230
8603,398705
15087,66505
4344,747645
7981,997434
10908,780710
6190,595902
11742,715041
9224,51502
14667,846164
458,503548
2464,123842
12320,138937
278,384934
2912,413559
6698,693303
4510,684941
4183,904256
5551,604853
12187,44142
7948,979985
10808,6622
12432,41952
5356,840867
8984,557864
9203,365110
15412,16142
12041,812697
7644,16464
7071,772376
10685,70746
6763,352716
940,148084
14959,802986
1338,737365
5351,363828
6524,483184
12516,785278
3288,735389
3146,974260
3954,383600
11955,912435
1211,398425
15668,649892
1320,222026
9108,831072
16482,104877
5017,912886
8290,154424
4304,75699
1930,963553
12530,634065
11295,650265
3002,675632
15483,502757
11525,89149
13978,59065
4885,52955
8325,271458
3630,396592
9165,575815
13945,608316
10663,116662
14803,933425
7621,306710
8205,472437
10387,4892
5457,254202
10234,369401
6251,410890
701,711187
7930,631628
15028,701793
12172,574619
5805,976170
7411,732205
14806,665120
7890,430337
10440,875822
14926,217413
5381,282961
3800,789504
10511,108901
9324,90369
3313,247490
7351,470637
8459,999736
9957,437969
12024,352185
4380,554797
5042,762320
13289,344044
13407,787100
13258,766565
15993,998161
12525,371768
4062,445670
12065,601861
8227,639360
11333,644239
2867,445416
3319,404618
3523,376295
7055,908257
14930,7806
3444,613614
2940,988002
6935,814745
16116,142295
13370,671070
6103,938328
7446,783170
1859,753444
4079,667863
3228,290394
9665,353070
15957,790673
11533,698693
2314,98268
4096,802833
13437,331785
5980,401377
2008,355191
6754,989018
4129,140542
14557,189925
7096,820887
14297,314247
3967,946601
16485,683059
13075,164600
14289,725953
10988,549497
3230,571961
13250,673751
2559,931401
7739,486075
7213,785839
6639,768710
3164,892080
15207,954130
5113,10880
3929,458820
14493,185934
11110,557740
2033,546023
16057,181793
16709,332436
14313,237831
1028,206638
7187,503459
3738,415579
9869,881311
12644,873526
3686,871021
9196,799814
12326,948154
4936,55180
13314,771447
9857,318015
519,411729
8410,965585
1720,706236
10341,838009
14415,258380
10613,695850
8027,687899
15539,513336
7431,979272
1370,401041
12708,104310
2250,196634
14758,739890
8525,194888
1538,565177
1142,62423
1152,998558
9802,553071
3331,881266
15203,780562
4247,96698
1976,90132
2346,382910
10078,464987
1938,483175
7819,732869
2168,582317
15634,787775
8465,393516
9313,262377
6539,812953
6325,849774
13442,284549
9967,133737
7893,581154
2861,123243
11031,592475
15073,918364
13837,744359
2524,999688
8617,586342
13513,542438
3081,155218
10675,679170
1907,445270
4872,280573
16274,287225
11837,517454
16577,938820
5231,791468
11315,760854
273,864993
8363,731597
4255,848620
16330,887356
11528,656495
14799,476700
1611,489088
9234,684651
1633,718164
6791,524085
11567,171186
3070,963117
12094,794999
14335,774223
137,816174
7182,162975
11718,612986
5194,200404
97,755547
5118,224828
13920,245697
9952,872939
15337,254141
10243,521404
4048,227925
171,519169
11378,224822
14190,126872
15265,792258
2740,486846
5573,368695
4481,59387
2631,103870
4984,251021
16466,679433
16716,205471
15325,516013
10115,14703
117,326166
5476,853801
11757,618640
12359,831545
15546,76587
8133,684322
9018,641683
2075,31984
11170,755442
15733,634566
9280,933757
10734,526603
14071,589587
7373,813604
14736,103867
3458,875938
6183,180664
7825,838464
16775,729841
5717,961439
12397,406896
8189,586629
4423,882087
3994,498492
10342,123578
10051,166692
9453,450474
12593,857932
1274,383279
6933,504405
1761,133411
7157,605062
15169,907463
6792,928102
13830,238783
7240,374703
3051,16766
6550,341384
4603,529962
5729,601230
13473,6650
15104,242231
6599,122604
2216,165518
8721,822277
3645,85691
8664,821699
11001,146214
753,609808
8129,69146
15235,797307
3359,21557
10424,85317
10226,883676
9252,303533
3008,661964
5849,679741
8494,264596
6764,743129
12445,513425
11716,890222
4508,836154
5669,351054
11427,915922
11065,709629
8910,136446
16401,479230
11913,456330
6221,606064
10839,398845
2809,858520
13311,483696
6866,77814
6019,139117
3024,212958
1391,936080
15904,668910
15858,317025
9911,952685
16579,470786
4394,23580
1468,606122
12965,71584
2249,884455
14384,964824
13040,569505
8872,336395
12864,475301
15712,943531
14049,663083
1840,749674
12019,531715
8948,555150
15154,813708
6943,900269
12564,793460
12766,882982
7255,116687
7962,107289
709,471434
4634,186687
889,57292
4774,912525
13890,309172
15431,797765
8726,405342
10373,198174
6413,788471
9761,561302
15864,388718
6147,591250
3384,951163
320,97691
8006,610042
14395,702725
14976,844574
12185,581092
4779,930621
8551,298943
9025,940960
10616,329642
7475,902488
6341,964720
14163,430045
2211,893796
10532,388861
14338,854615
831,576993
3382,547867
9209,619860
7188,214002
7197,705098
11270,199163
15918,796279
6937,716921
6178,706577
10668,801139
1413,228886
6884,735055
8266,778210
14019,196288
16764,312273
15306,962359
3740,619145
5298,313711
8319,523074
4229,631751
13429,177414
1753,43731
860,888866
14219,598301
12113,660418
11309,162253
9930,659846
10570,91145
2839,684796
6699,353705
16647,369675
5325,879491
13733,304500
7818,809370
12505,732890
9489,728147
10106,493411
7864,795364
5134,114495
11859,210966
7440,526039
1525,310711
7339,824208
8,122754
3248,164385
8995,472493
15178,296652
8594,694689
15770,664274
15859,312621
1735,462253
11410,482210
16397,570190
3572,822509
5501,580414
969,652440
6977,914476
1233,246762
4258,28258
90,789772
16650,237727
197,924888
12514,212679
4367,607437
3199,453342
5600,423494
11641,96546
14609,700991
12775,312285
14240,489024
7933,373256
6945,13187
14006,125038
6320,818971
12061,111952
16369,644327
16354,82134
3970,813793
1048,937230
3639,176402
14448,558365
2812,537056
3932,872788
14875,107644
8883,777448
7622,8027
7252,289627
9751,524492
2378,112567
6816,538605
15358,437763
7843,251370
10448,45194
7840,959943
8880,784099
12551,680643
15470,487546
16207,491805
12123,44827
15247,366600
7481,191162
16171,477747
7461,223698
902,969747
13094,458151
11584,445082
4462,829316
15576,837334
16606,824335
5427,383669
7725,78344
5409,24728
12579,189206
12013,907251
11321,304692
9932,295106
591,343170
10357,960279
3336,565408
13,718347
4809,885509
7555,7974
15172,918395
6989,968169
4707,756650
2046,39366
6495,574061
3873,249188
7061,856568
12112,179082
8917,161898
7735,861411
16442,862101
4244,198896
3747,822334
11086,377279
10080,492662
15057,495063
1331,376807
8891,556581
13411,946987
16730,337233
2267,402838
3022,123529
11190,148596
11857,133527
9318,55388
16512,714761
2053,379674
13707,573222
12143,691005
14080,611995
6130,773579
7936,86027
10101,44620
5663,400432
14811,543760
1366,7262
908,639898
2953,957854
14629,241161
15096,693340
2115,812290
11770,826864
12701,545812
14584,992490
1893,31467
9501,175857
2138,405491
9346,650010
15960,290514
8230,755802
13843,789387
13810,688880
15650,744160
9974,123041
12200,54316
538,479756
5334,122959
14823,563626
4817,882821
9041,845856
4359,398982
4852,737403
10141,706942
1503,263918
16256,227307
683,3781
14382,134511
7248,566169
1200,777985
3563,464077
3681,87315
3053,878424
4099,73196
807,392462
4658,469989
3535,658957
12548,854051
10488,293787
5851,181475
13736,586640
875,219072
14449,493699
3958,39560
10727,57860
11296,16645
13646,998417
9599,230558
7135,871748
5943,865632
2695,631175
6766,486407
5630,500727
13586,110864
3507,624171
10014,738448
459,866249
3582,805499
8560,855348
3372,619992
13109,477926
8160,257856
10706,492731
9104,96158
2870,907659
13712,116200
13924,435806
798,961222
9750,419559
16248,514798
3170,168389
12700,893817
10601,70649
514,484299
4010,719110
8124,108722
10800,932804
13628,850166
11637,841747
781,195278
16156,850838
12618,869620
9766,773212
15987,229280
11051,198889
7673,475214
1245,236406
2443,826019
7413,857208
310,225160
10921,966871
8709,262876
12404,870817
14986,682626
10714,649571
14286,641858
13828,259983
8926,271108
12233,909820
3913,866071
5221,598221
14965,828369
862,540213
13907,513714
5418,830514
2045,168431
13321,218646
2762,597842
13888,787982
14962,472178
13305,378187
8487,131008
7146,519384
1134,601128
15092,391419
13760,800755
11958,366722
3177,74478
11350,789680
1524,230841
5527,870560
2872,538952
8602,538231
3067,70696
10435,606490
11222,919232
8700,156932
10961,570613
14305,878581
8362,851964
4979,303848
7180,600510
5763,147306
2192,503234
13581,973755
10720,475588
1358,32271
13366,340602
13539,459015
12849,759867
6794,553977
525,230474
12223,451452
16271,208276
5818,757795
16588,842113
8981,299844
16476,778750
14663,917555
3,621707
6615,426106
12215,68784
304,357565
13634,593675
9208,952746
2175,501291
250,528457
6045,542593
10516,787541
1852,161841
1573,24420
15079,573702
5500,918802
15775,228257
3198,394365
6718,655220
4149,299259
9627,559832
7595,832349
4538,394654
3555,668005
10483,590154
8834,185799
16412,558439
6449,985334
2767,450466
11498,452890
16472,586903
178,970877
10948,500594
13313,48892
8065,937803
102,541803
14428,620573
11973,220452
6663,368495
15989,766928
10955,202652
11772,183392
11364,624758
7082,889696
7749,349275
6428,536774
6869,305456
295,259527
12266,592494
11129,938754
826,267395
3262,542428
15641,157310
1662,295517
10926,610105
10232,258566
6376,729605
7817,97861
354,429764
10076,921047
11379,635872
10184,468412
4696,385282
13562,225946
5436,314269
13196,486393
14939,417249
14004,134909
5916,226317
7229,501381
9143,384958
3440,752311
319,981218
11683,143061
12647,318674
12788,825031
13662,614378
423,683515
5222,453465
9242,471895
2641,294029
4855,647301
5360,871488
9799,68220
5526,625323
10309,786548
2144,529015
7191,544268
6732,437900
14789,934700
13525,406700
4066,579050
16422,425071
14890,499143
2922,544044
3601,138553
13416,165656
14363,129786
9496,968589
7115,977342
8615,947461
5218,425294
9493,648038
10623,931951
2272,71591
3352,716688
84,336477
8086,866739
2595,742466
3531,765075
7460,428779
9214,353478
2790,577621
10548,330576
9218,398268
7435,957004
15780,369728
7640,734082
6223,11848
3425,17197
10582,946341
702,684218
2111,872827
11730,450033
9865,859543
16478,857360
1885,585316
3956,481761
16735,414319
15264,456943
15971,253799
5584,308652
15242,18543
14358,150461
11300,562396
5446,419319
3934,559458
6610,745351
10164,568826
4646,336068
13304,694825
1985,597742
4746,269340
7963,313580
14083,735902
13140,28295
15023,125460
13093,775288
7160,515009
7407,116281
16056,566589
751,355734
6179,63948
9137,703997
10992,650614
5744,282371
10884,216108
12858,632331
13005,830668
16714,669575
1419,792983
6064,638241
3771,935797
5945,17391
8453,887871
3806,741855
16748,88780
11380,436531
3107,919283
12003,781370
14567,816866
1079,71965
11705,995434
7814,400609
10174,227516
5514,243181
5265,531588
10520,280130
13195,512231
14601,152901
6012,780469
13079,704682
9009,978725
3122,122136
5470,792991
4840,672981
6270,892121
9158,90952
10120,840891
10672,852862
4573,522271
12118,301774
7447,883677
2171,378771
6126,262164
2836,285273
1457,790610
11165,323408
5923,701662
1813,900177
3492,866445
1917,421723
965,728511
15795,747752
821,478578
4568,460036
9078,213114
11371,395405
5149,391125
281,431852
1918,116256
776,636428
210,442383
10782,625913
9653,278617
9372,892589
5868,848001
6176,466268
3969,96396
7427,411504
8544,240014
5219,174831
16488,701796
5855,71465
15920,556662
4393,13257
5770,327210
2900,154077
8622,924834
11610,11343
10969,63012
11029,911883
6193,800249
14087,719176
13623,364343
16689,29008
1027,757718
949,794944
672,689494
13832,275712
2471,430651
8728,545160
7742,69318
2698,638723
9084,492662
6075,266590
2874,80147
13119,14151
5010,154940
1284,383993
1151,6481
5110,425219
11386,953992
8019,455647
2859,410997
16110,897570
16027,614261
14902,807750
14301,321080
2451,33245
13596,899931
1464,662144
7927,350047
9638,541467
8009,332838
11903,759016
9243,901918
547,76020
5511,854670
11247,3591
15928,121601
3434,716156
7614,587405
1380,437375
2770,739283
111,559075
5994,546870
12341,466081
2787,403811
14410,410437
15983,90894
14876,903569
653,220290
2174,446589
2575,28221
7976,926446
5812,435938
13589,367244
9122,882968
8159,637922
8754,850055
9321,28533
13535,63058
2083,587913
2689,65963
2248,482755
11649,870771
11045,192945
1276,75215
5962,547395
13012,982837
4642,734806
179,869075
15347,426271
3339,14880
8166,207587
11617,620800
52,829298
4395,723568
2183,126725
16045,835891
15719,530555
9864,886032
1903,294798
13451,345703
3640,897571
16551,196014
2343,244281
10528,942643
134,171269
13966,124431
2366,607293
1198,945568
12627,749751
11623,573580
8267,779544
56,718335
2988,762633
8843,25720
3043,345688
16486,875845
1241,868672
11180,162119
1984,428938
7364,675624
10769,726042
16617,57803
9007,68797
12953,948462
11366,822123
16483,277694
2326,673939
14195,989072
3484,694295
15257,164630
11920,64393
1359,935661
10353,149020
15614,72475
15101,668333
12755,696599
6252,257648
7485,187275
12603,726989
5281,61285
10708,163793
12563,390896
4592,395046
3390,41169
1986,323941
5745,706826
14108,86467
9693,807163
669,440083
7320,683761
10258,120698
507,417236
10365,431355
9363,255325
8736,925693
15100,479712
13420,737933
13248,962343
1972,160576
9258,733909
16455,60820
6150,288286
6283,83576
14979,934727
13935,538275
4985,712339
5393,224588
1730,42480
14129,490584
6254,716455
4173,996048
4910,287606
1297,821797
3366,39045
6044,691931
6259,917819
3852,537063
8723,501731
16109,232927
3721,726803
13453,869429
11962,21263
12998,635037
6886,801233
8200,379573
51,912862
3930,246779
6310,544035
6112,327889
5135,645627
7522,542745
9825,356129
2411,838092
14940,356086
15970,890958
9894,177179
2564,120493
7095,995325
16754,535441
16195,857953
1770,132362
5363,933495
11360,86609
13034,966415
6542,178795
15870,61737
217,873592
6490,592459
6692,940038
2235,81968
16732,139392
11499,596543
12617,982085
9060,330039
12017,72894
16750,268570
12230,342852
2158,104704
15184,105075
2981,284867
10281,255959
16596,774986
6976,265876
14680,671591
10618,486907
271,746603
10817,694344
1823,52919
9549,31606
1201,35744
2112,304468
2951,661396
7183,171871
11404,880705
5473,770255
9232,17198
3033,648091
11002,997540
8299,642815
15417,562922
15612,487611
6168,541537
13751,352757
764,829549
12833,185592
2009,967329
1005,247519
10740,907944
15323,864040
9884,977268
6185,428370
2311,850221
7538,671035
6256,514083
619,3069
1968,693191
10168,678990
10762,87152
12392,805734
8877,374072
2441,929695
4974,575314
12450,640043
15837,302599
5260,290174
6591,935136
11688,174981
9940,894622
12070,64163
12876,269608
6858,483856
2385,798488
3596,957739
13540,681954
2077,518781
5654,180631
14029,697832
16140,606323
13303,450366
7289,349425
15226,474256
3330,370326
15642,702895
16217,66601
7330,113558
3894,754956
6719,69208
13013,647560
15835,770940
10873,755039
16379,24333
10771,87727
13943,702537
5139,480105
5309,971856
14227,296580
16292,669245
14968,123202
13277,311147
1731,398275
7286,288761
7455,331018
3250,122832
1659,771404
15806,77945
7491,634210
1990,708867
7769,400500
9694,798644
11961,558092
4669,470473
13826,771137
1691,897031
3986,834869
1407,36232
5517,129012
8432,930277
2214,891367
10449,739429
2941,975335
5944,388361
1555,614066
6105,510266
4453,779102
5892,714880
5000,788450
12995,517304
8905,732585
11440,903185
419,542088
4712,6867
2094,726886
4567,792507
10717,889197
1248,92109
12405,262800
8331,701165
3113,558085
6926,47717
6777,843500
4060,360779
11547,65812
15199,506151
9282,168682
16123,800392
14094,470667
8770,13359
1054,765587
11363,178523
8756,196661
4800,426274
7620,714820
9101,56778
13954,14548
13600,587292
2893,757710
763,950694
5347,348795
12096,687400
16333,320970
16432,16446
3513,960898
13494,94926
8690,278061
7266,991399
3472,929908
7021,670807
12952,773007
2774,337826
607,979603
6897,483924
8220,394029
8071,628925
7091,460132
1805,487948
3594,661202
13103,730785
2203,15651
12622,355520
13270,308062
9461,507990
7759,115547
4256,636125
9093,513624
6033,940263
7734,174126
12368,617191
11740,697914
9907,523166
12398,853758
6290,939393
2882,563215
5091,212030
7228,934566
5953,223989
5707,156395
10159,714454
7813,329255
6463,875827
7264,127009
5405,464949
7543,466376
13702,122327
5538,212182
6762,72113
9416,901652
10415,364037
2139,114947
13151,761035
10301,807252
13273,521677
7609,157281
4884,422608
3438,906142
2215,990434
1723,863969
2340,843751
3950,31286
7312,948607
3602,154801
12053,579052
16240,380243
8301,439718
14068,301440
6216,564126
12910,649940
7656,433042
7854,455923
14636,130426
12267,583927
11334,870321
9326,495893
5935,256645
16132,13789
8318,997624
5009,297090
3883,235486
7565,405784
7960,227240
16736,170248
15284,264217
4301,166132
4273,269628
8436,330326
2113,355999
8469,495426
648,363089
7526,624719
9656,633970
516,135206
6849,772742
7013,413667
13741,154499
13281,182345
12374,622689
11855,42366
2759,118695
6759,552741
1667,600375
5138,745746
2452,915997
13027,3764
2493,467034
9899,56945
8151,376576
5349,899202
3926,274511
6394,504315
11720,949836
578,716114
4001,974613
13504,63577
14836,46100
1741,448658
1278,494640
11890,718983
1803,82494
11418,206236
13693,768013
7321,677477
12575,993381
6966,199189
16613,225073
3148,74787
8920,194219
13984,867233
802,993628
13893,639466
2495,408551
1695,476393
14995,390057
10890,894744
5282,731107
13487,252290
16615,589483
4545,679920
14032,30008
15707,324360
13931,237721
946,908590
11500,645046
10220,703120
2604,929107
10761,709936
10982,885589
11729,717951
8152,158800
5323,174616
9448,489322
14935,51478
385,253280
7039,581308
9366,862930
15823,672817
8993,93588
1282,768488
437,642497
11011,633746
10104,160393
16321,540445
11188,451580
14291,165658
7781,888113
1203,981142
3731,548062
9037,682315
12937,558324
5196,993563
1746,185448
6345,349463
7950,353294
11552,373626
11950,442078
4805,971116
9152,370587
555,937633
6765,215250
8515,400160
13915,316850
16036,490202
16625,284501
11870,415895
3304,953516
9636,968955
5232,681800
8878,519996
2756,155082
5140,472543
375,112611
7149,979519
16353,890896
15742,296383
5957,761895
12580,50454
10409,982768
13766,457529
7778,620438
9028,808732
14213,590503
12691,558698
1658,678469
15352,990783
10670,737804
14260,337500
8870,908890
12054,538264
9386,56777
14378,49366
2080,242658
12729,471278
932,202134
3149,523888
245,846830
6334,277611
11684,120493
5099,7826
1828,382754
13464,727238
4023,220848
6563,558705
13207,601260
14075,75918
5722,713377
2308,528203
8169,850906
3341,182876
7693,855563
2549,955391
11576,244557
8010,583156
605,624512
1580,66077
1588,102645
15197,754478
190,441530
12488,603160
12254,884138
3991,705206
5076,100858
3214,143742
2348,826097
13573,113921
14296,879564
4207,611663
6529,677856
16043,359276
2508,50875
12297,645768
10012,563872
1874,860247
8451,713851
16108,135416
7200,507851
859,877649
8415,177403
1649,786199
6269,236863
8350,153871
10978,105546
16751,771137
10133,813807
11908,610684
15627,343487
14923,61341
3669,969464
8316,723930
5702,97360
3480,746161
11965,397159
5869,948377
11147,551083
6505,931653
13797,887636
14915,466479
8221,884852
5873,188594
13900,652314
13804,181684
994,377668
2118,15409
15158,12368
9898,506377
3509,544612
10228,59286
12409,889952
9260,947326
11462,261299
3265,464952
54,690993
9316,644707
16208,155597
16582,693833
6338,494633
699,231857
3396,611685
13995,580908
8971,610629
6068,317471
7020,252319
14015,831306
4172,168076
12959,178431
5659,735921
14766,135676
14402,458896
6611,669272
3213,172211
13306,138270
5966,343202
3685,900663
10994,138156
13564,39729
6507,993226
3196,745153
1771,385512
13367,356677
1529,306052
11128,273842
11948,124799
3798,241585
11443,880950
15581,61831
15056,171257
5114,937154
12195,87616
2044,925084
13169,510314
15180,689545
15543,204940
3770,452025
772,500202
990,414743
5567,911795
10805,673727
3951,740829
9484,805451
3867,319396
15605,299707
3805,592030
7254,377491
2179,561290
12745,791524
16545,998866
7310,2949
8539,288093
222,183820
14084,738291
15453,444115
12318,920884
7368,523102
4027,74047
4106,679904
506,859125
1995,727079
7165,509467
12615,188053
16792,433426
221,577984
9710,878379
4364,421728
3379,80108
8954,407320
16630,77303
9624,349968
6967,930929
8070,615453
933,788435
8155,943834
6771,853409
16477,371144
675,663469
7201,75737
8254,624547
11325,646277
14018,863968
5190,930246
5505,717265
2886,809548
6941,621922
2668,506129
13831,418539
11036,523420
13691,648378
2007,460783
6442,43247
10010,525112
3259,945612
14013,510763
2261,104600
4110,510020
13293,734871
14931,117797
12293,732142
16398,670371
7132,141249
2780,909004
5700,774143
8186,569373
7031,928848
11269,304249
632,420170
6330,203470
10905,811271
6313,241921
13396,975255
13414,406754
4270,46076
926,245190
11452,665694
16228,37434
1781,565370
16492,677104
14594,911114
4485,350184
8306,702766
2071,249110
9895,9270
10544,309841
11253,354605
15213,92168
2990,507306
4518,783862
2766,622509
3275,836353
14971,66387
14863,246322
1352,633989
3423,956771
13021,553923
10489,292468
12055,789144
13089,605194
16275,355354
4272,294256
3204,644890
863,521534
3289,979553
9557,238467
14381,934136
15208,500602
8030,789837
8080,612120
9876,703129
5571,337689
5439,268124
10689,473696
9919,378519
7348,909374
11686,416124
16643,748399
164,288403
15912,358525
14237,224116
7965,852863
9778,285713
14321,215678
10617,337467
12007,607844
1415,956720
12912,655547
12062,770094
7762,203927
4381,991495
7986,645557
10647,944392
13452,683428
230,913166
9285,132238
4221,924989
16384,78477
14645,926359
778,872240
6633,517530
15137,53566
62,99166
10606,600432
7791,76555
4161,199805
5553,970755
9433,471436
7363,25407
10162,703548
9568,191873
9901,328159
8047,409355
12954,421499
12479,650971
3357,764734
15088,712283
163,645975
988,938451
5877,795733
1683,911871
5206,603272
11155,494292
15339,425406
1590,691979
11100,637633
11216,364535
1624,747571
6113,206745
2181,440326
1023,770551
8673,575785
1646,984360
11608,922516
5988,476398
14354,780759
6369,331073
15936,471869
13240,109924
3481,203696
3479,825719
1698,329754
13154,655193
7802,533533
9702,196189
12895,140458
5728,786421
10793,505296
13529,938886
746,494312
2610,647802
10932,88927
15350,317742
15692,405183
5484,424711
15608,861054
5253,156599
1686,309242
10624,733940
267,428884
3295,154920
9481,764338
732,731917
10022,933444
6135,861223
7224,539032
14887,856870
7382,362329
3242,737099
3106,80558
14678,355864
6626,968175
6576,742259
9008,335182
2931,269798
10023,778559
14964,677481
796,82636
5169,551329
1814,689969
7372,989288
13672,641077
4124,630117
1095,179618
15950,473245
817,649097
15779,406299
11506,245184
8689,401515
10077,215256
10514,131154
2198,840628
8005,401554
625,545543
9420,33222
10350,444347
14494,308364
11615,224386
93,45481
950,31982
3325,571410
14459,131369
16531,599928
11228,775183
11761,94692
12629,495914
10339,333854
12203,259358
16744,557792
2786,288680
316,286636
11424,333259
8021,103336
12679,274229
1871,604630
5767,314639
4047,795343
16235,294590
10604,579243
1510,819162
854,611392
1860,212796
1593,269687
381,225724
10375,419821
15149,404739
11375,152500
3912,314816
12097,730258
16743,839357
146,663860
5308,948451
4125,313099
7671,407423
12609,651831
4353,818757
6287,225192
2264,790480
3457,507157
12935,32966
8958,528526
4532,426947
14857,803038
11376,665614
13713,527721
181,285987
10858,249885
5160,477085
6642,81988
9312,339501
7736,947385
4326,498145
1802,834760
16115,823506
16787,215930
7107,981580
6902,116662
8950,312837
9922,542315
11453,173437
10033,904499
12131,789983
11879,636020
8986,748316
82,618266
7664,995227
11116,28516
14096,957931
11577,465438
1908,701589
3658,543919
6148,577230
1324,97990
8792,646583
5883,886106
15245,182318
16382,103169
2131,222954
7581,619704
11488,905685
6091,336136
7295,888344
6427,898386
4558,884818
14436,395758
8373,668458
917,889994
9837,79994
5619,903866
4530,250555
11486,870283
8575,809025
3540,623148
4509,625842
4709,639740
10148,134291
11077,874772
609,144948
14733,212613
10609,491317
3616,560654
8805,84736
13799,172027
5886,541519
15836,910000
11792,163863
9404,883767
6456,995744
2569,186382
16727,110130
12353,633984
9841,738934
2725,980277
3388,172207
9476,51994
13550,478464
11934,149007
3375,375964
2932,211928
9972,281534
876,983890
13649,344884
13444,845330
12748,778476
2003,864713
2376,158337
15961,248538
1221,188116
7064,643864
7799,612449
4549,174062
11061,309277
2132,206717
10692,919133
14546,188364
11088,519031
4819,780569
13682,520559
7127,601396
6245,517494
10845,693187
3285,718204
11384,580479
10897,338134
8533,489764
15341,326868
3821,74138
14130,17818
4306,490814
113,107923
14997,908805
1482,931144
14780,514512
997,788896
7991,617731
15592,417587
11143,939023
12472,662048
13991,829313
13399,21606
2588,531713
14274,33950
11491,300700
4755,923925
7939,501585
1779,309464
11924,331632
12713,165765
12486,146135
13149,726571
4847,172559
7638,457726
15228,404784
10069,985360
2219,652051
956,92131
13680,614987
106,150377
13101,41137
7540,481701
16138,979972
4890,196133
13752,635427
14622,367524
7871,939996
3957,522866
9987,474293
8884,170307
11715,503041
10612,132241
12945,101320
5034,558092
4463,426515
3476,654789
4846,479341
2372,501250
2873,27167
512,462746
16198,462797
9155,511688
16464,717280
6904,322543
3151,161951
1816,473816
16214,177288
6264,363402
254,967570
5848,583942
4357,34583
14265,255545
12235,517882
11342,661490
6679,738502
5377,243315
7636,944781
12798,886528
16349,68178
3028,955493
12810,347951
15064,951557
13801,148789
13387,925158
371,44827
1161,564821
14593,44671
12144,502076
5555,574195
13493,500337
11130,204121
8658,289045
6491,888010
303,765694
1897,413159
9583,837805
4515,973582
1411,663652
8534,492044
7227,906118
13478,284831
7546,153762
2798,748867
10267,650303
4519,181700
12184,760740
1895,475192
13019,834392
8845,88894
1929,146535
1966,840165
5268,649068
11402,930891
13503,393406
14413,663908
15419,434912
11573,621457
270,31122
9733,703826
2729,438411
10123,550214
9331,85861
4342,382215
4248,189715
446,724403
6677,881618
8324,540194
9666,780690
7303,148632
2710,597744
3334,402563
11464,252388
12220,925235
14064,43212
14350,425519
2858,835463
13014,448445
13732,904238
3371,449420
5912,865969
5881,514892
6199,72535
7344,117795
6180,552728
3343,361420
12103,743354
5177,911270
7000,740459
3990,420999
11689,554655
5624,475456
7497,51408
618,166072
6909,338363
3346,622909
12521,188917
11871,15292
10610,275374
14869,164538
2268,737332
12058,246339
12426,880703
10662,605875
12512,357700
14852,487800
10876,219513
7720,361246
4334,518672
12275,276447
12228,438687
3715,786538
9534,524662
2333,761451
15628,547279
5043,87737
16704,788753
2891,119953
14478,634393
4429,658587
5929,156410
1845,429400
3001,60106
6741,539917
2202,881610
15490,640166
3752,30313
4620,82989
12795,453953
2662,761291
12845,240556
5604,445328
4861,833294
8100,435235
15990,845832
6561,417238
14107,18112
6274,972003
4428,401510
3184,471986
9247,424712
15016,193147
6009,325326
3190,304243
3386,502625
11984,847641
16215,822844
5506,209518
10016,173544
15394,200874
15724,206398
9409,50126
12634,899310
14316,547959
8675,641285
15231,533479
3236,171353
10087,380329
5018,421689
2728,251493
8092,405605
10698,273696
5859,384750
4198,733734
861,94745
7990,269030
4009,158659
10964,11781
2114,460064
1139,740961
13921,656612
15030,845489
2122,8234
1602,681696
15032,467495
5694,142485
14026,444242
1132,286411
15469,967275
10223,631417
3303,577927
12655,202837
16151,104859
14649,641642
9533,17211
2229,289818
7652,881780
14523,191423
12991,564421
4539,140010
395,51902
4853,277596
12082,992299
1406,793947
7788,70384
2143,952939
11089,136091
16693,684071
14701,341553
13689,617670
4262,628719
1046,456757
12001,293115
10729,545258
11822,994439
9132,53858
14150,891469
15217,730959
4752,325902
5875,636107
7873,159472
16046,923109
321,540027
15077,19778
9148,488403
10272,906136
9490,776479
5856,15081
2436,144235
526,792517
9067,478089
1166,76024
13029,348634
8264,632417
13499,69448
14681,823471
10625,939971
13668,710281
4126,441152
1527,774718
12829,643983
6074,979456
16629,573375
3231,393320
6218,957163
15050,847042
16053,974603
16745,511326
11336,321844
1318,14543
7424,347659
8102,774968
5468,921662
9942,818647
1001,397825
6010,549109
7766,550638
10266,356867
3139,802612
4759,261778
6760,602059
5682,498240
1648,905255
10363,203062
7551,649528
12901,859647
7938,890752
15709,154552
9663,640875
14868,370971
7617,618226
5755,704909
11519,727136
6954,364696
7463,852130
138,945963
1499,350653
14579,109377
30,306279
6991,891886
16283,705294
15305,152330
12736,574654
1506,795016
4302,402962
8170,78813
14230,620920
14438,761089
15974,314195
3263,931672
11227,971772
9355,418163
326,886846
13155,689492
13238,222215
2785,724270
7047,785835
4222,184766
14734,482861
4224,502776
11259,389944
6174,693761
14057,620355
5181,990358
5926,527387
193,234134
12528,608311
5128,68828
13462,17134
5845,324347
6872,964663
8821,342016
5106,677740
8164,792875
5679,585164
2985,625631
2106,938057
12494,804385
15150,337802
187,838673
15095,377760
15289,303501
497,405243
10048,703408
15012,193913
11229,960985
15927,935354
12092,789933
11174,110078
13967,562377
6693,274963
92,112524
13961,42247
16220,339250
13333,199743
7730,838290
15250,667882
16392,235360
14544,264798
7261,727668
16105,340268
2984,621415
3162,262592
2260,234655
7004,643877
452,813404
7828,594172
626,131030
4583,780465
3725,12152
5894,587672
3316,687529
6887,682748
2492,552152
9133,69753
15655,507667
12639,171349
3848,443207
11820,668493
15254,697856
10750,649016
1156,272385
2910,654683
8591,321497
14247,133829
1425,777442
16660,69870
1837,631103
6461,92840
2580,479905
1052,895063
577,701605
2825,907833
2746,792636
2291,437702
10962,877325
8547,582426
10019,8628
756,833429
1709,995338
9076,765829
3211,418272
2535,597139
10943,414148
4830,123870
9928,518307
16143,752539
16784,571068
16434,720526
436,290659
1226,647200
1259,7681
15299,769176
4343,501669
14661,670479
1988,895936
10173,233475
11746,228765
8412,415910
9281,704719
6246,662605
5440,791338
15301,668111
1223,638253
2714,722365
3077,724281
5549,130857
16626,490440
382,701518
5635,644006
186,193724
4839,589391
433,280208
7210,145366
15243,8599
9993,415558
7529,492606
14506,687399
5807,38930
2373,76375
13618,22567
9908,117591
5404,622577
11023,160490
9678,523263
6160,769122
4181,690875
4230,331369
13858,913507
15871,192054
7564,725055
14463,997046
15115,512788
7533,642057
9862,649144
5708,871935
272,269735
4612,545719
13336,18486
13944,823983
3517,501364
422,927240
12769,361457
16079,179314
4398,284395
8250,157488
8900,917803
10819,779098
10551,88125
3418,197477
3889,430922
1186,603971
15227,87665
13432,240870
10654,705118
7306,289121
16325,60448
7510,562105
7237,323783
11812,983656
7823,6681
10691,907260
12699,942255
914,810772
12160,918429
4600,53045
5649,59485
4896,35464
800,865242
10111,927941
3690,899577
10150,658125
8099,694803
9526,263738
7301,330644
655,235088
6187,145887
839,535881
10505,762599
3830,908040
11301,877931
11895,550157
3102,153349
12351,881655
15378,865565
9593,275027
5302,925643
7585,466162
6785,14603
3611,386915
15888,610964
13152,443751
6208,805501
13734,269596
9212,558771
6098,106799
12314,626276
8848,62911
8951,613785
13572,141549
15907,866256
12325,767967
14000,226457
9515,170451
4514,283904
11968,979694
12452,955203
2163,204230
14538,571816
11324,58284
10441,537858
1952,781200
11680,878729
16190,15798
7649,635662
5839,233745
4659,619227
2273,790399
1829,739475
3776,398755
6607,965813
10395,769198
10667,427713
10950,588772
6339,657916
12038,466121
16128,903456
9406,370997
13386,920810
13063,646753
7319,840817
11475,804420
4109,258286
466,450256
7169,813682
450,461867
509,79671
14114,707321
10865,671791
3497,548830
9089,738503
13675,350068
6672,986290
5464,20902
16267,778441
6372,74041
4499,432950
16547,284612
11454,527998
16645,873428
9569,767860
3279,679388
12042,141798
2547,624749
16013,560706
12929,348480
12343,425620
10359,731392
12543,419865
14928,822300
11319,602925
14724,185356
2850,153127
10775,520723
8462,992688
4724,553058
6723,284681
14180,946398
5593,776471
9151,118133
8697,42953
10758,923349
4276,710658
13655,998845
13674,892065
10057,485593
10732,478137
160,176527
7451,521227
3512,268248
3925,699899
14897,742928
15963,305077
13805,755384
6894,609624
14327,729138
11838,764793
12255,473541
6587,911550
6923,897543
8885,241373
10486,682839
4722,66702
14740,561763
4754,415943
8674,634199
13252,407092
1905,491278
8585,104235
11503,10454
8979,765973
3879,90543
5165,338327
4200,417677
15206,276079
927,329654
13132,277342
8640,970794
14157,275600
2991,799973
15401,353118
16356,580532
10857,41636
5651,53280
14405,420177
9176,45217
16326,51390
10397,459109
14371,965483
10577,289142
10605,985325
8441,499729
9546,516416
15433,556255
14106,458241
13791,707220
123,519948
6786,894873
4618,853456
6750,96654
2188,916146
4729,586312
11082,940582
947,311109
1066,118245
13916,49917
13134,425494
15755,338019
14683,816597
5590,426124
11704,726056
11544,223956
9457,483234
336,18168
8667,770109
9989,860215
3786,855384
1467,698390
15239,869297
6380,859110
15200,608781
10378,959092
9867,776098
12443,557612
15298,854173
9136,491459
6713,455000
15472,723639
4064,947989
13576,54184
10634,428184
13257,867491
14535,995795
13262,237469
13852,171994
3238,722770
2029,996435
1542,286709
5796,576634
6273,633808
8207,989565
13913,294205
14113,996360
11094,826638
3598,403700
11881,671570
4186,118613
105,677928
12712,356459
10699,188108
1522,480675
6406,764221
2600,628583
12800,701234
14794,942519
832,726376
11005,260763
1329,565767
9621,772225
3543,729708
1234,189232
14715,171282
13218,999909
12522,574777
15168,469585
3344,546237
7989,595219
13592,69535
2349,401614
87,760583
3648,353117
15383,790565
4245,901726
3037,789801
4963,603235
12513,945176
11906,230275
6321,946198
15889,96748
16390,958110
11080,896139
4201,236040
3696,800882
15188,348043
1475,694912
15248,316874
5836,600927
621,815775
15618,964589
11070,912462
5126,436578
3191,925558
4786,119316
6620,801445
9169,571847
15908,487477
5512,775300
16496,968060
4052,957009
1158,166857
5860,79354
907,277703
10880,773536
2406,448286
16135,748027
16655,457767
15009,294766
9075,984202
15211,143185
11972,781348
7343,202630
10693,244802
16611,727659
11189,527072
14873,377615
2863,748241
1616,474665
6932,211785
10136,185473
430,743822
2978,56029
9667,434481
1215,952168
8651,862392
11529,516692
14115,540402
13842,282674
12668,715381
11298,55592
14801,862671
12346,515954
7741,352595
9160,669057
4285,915256
1738,866035
16527,244139
11797,596652
11537,313963
11661,979622
16296,766603
9835,896509
11551,575917
7868,231689
6828,848922
4870,249834
14037,290125
10255,704961
13980,689786
12720,613563
4391,87223
15559,487845
11971,912577
1294,360553
4639,782467
10815,713377
12270,959045
9322,157330
14633,666461
3733,415601
9311,448667
14855,525786
13819,643106
912,548896
13565,661539
5546,828073
14337,686515
5902,647716
3939,944740
12958,116103
6810,336638
6464,270577
15753,414349
8295,90123
4190,16588
13160,146465
11609,155585
6477,151879
7833,643196
8088,220567
7090,826505
4818,209795
3010,728483
2954,134292
16552,407188
563,958472
13208,683784
12886,954360
9235,913979
2397,833058
3059,310070
8245,260105
11636,499674
694,73321
7222,448167
13986,52991
6083,79353
9782,210398
13060,681143
6144,837167
15637,88601
987,235437
10696,984542
5319,351998
16119,151112
8198,504898
14721,803495
4704,855831
8806,777787
14764,113978
14233,823681
14252,85488
9139,695022
9297,241258
8288,56496
4879,315258
6384,432649
7438,354159
116,479954
364,979692
2690,380490
2193,995080
1228,455401
7607,185497
6378,185848
16520,663664
7737,625200
15652,617231
15578,427797
10823,350238
11027,919261
7076,25731
6451,137703
15589,803395
9532,91080
4148,898531
1222,481792
8066,65444
2227,68960
8814,195968
7121,162675
8265,738298
2848,319613
7971,188298
15812,229824
2238,400370
11569,950288
13631,96954
13209,365702
5448,728237
5974,421886
10379,174701
13829,509191
7552,142374
11205,400021
12787,10688
12773,623116
1501,223778
3650,420561
14850,893201
8174,228244
5565,810062
11832,503721
15866,215123
8742,503867
5271,127233
11697,736801
13516,497910
6408,417561
15545,674534
11148,661241
1585,417156
4609,736475
3174,553242
13784,517673
7889,173888
9385,920584
4058,971880
6783,698502
14676,943368
3284,604119
4988,808066
13369,530312
10107,408615
11456,618127
5837,416038
2637,262108
10785,535870
109,572362
5968,164407
976,216108
882,337105
624,922031
11904,576214
15314,463415
6579,19207
9199,991348
12611,28228
2898,880826
8461,394204
15020,176860
5652,734377
14262,941094
10156,764156
4461,998162
16666,466130
15818,32314
4940,28108
9403,434537
13638,727657
6918,667784
16307,313811
4133,74836
12316,211751
1655,660554
9398,649510
4271,789027
7584,90907
16502,115090
7732,601997
14812,417807
5083,283157
4385,261394
4024,836385
5925,959113
5603,186540
9172,647540
9485,803092
337,424192
9767,19025
8228,694364
14346,134958
8946,682207
11285,791986
10588,22657
16737,303364
2262,587815
12102,249373
9851,308485
941,415876
10571,525508
11487,445052
12137,748282
10549,433276
11359,456179
7724,637557
6877,165520
12946,151695
10555,837405
2733,811756
734,928172
4572,437092
9888,785716
5547,124089
9473,360318
10427,887738
12081,788442
10888,724444
4834,549347
7141,928887
3282,875768
10028,88676
13941,765461
3897,804898
3838,84653
15315,242757
4623,443882
1119,167801
6031,112858
8516,277852
9415,930752
10798,387819
13666,501285
11068,358010
1489,865981
9467,131290
1946,681791
6511,593397
306,870839
2837,601464
9949,918143
12571,353525
9991,133571
10974,467306
5102,520886
15565,894492
8320,215288
4205,646641
14341,98561
12738,544968
7959,521380
15526,366084
9391,593971
13904,613581
5423,397070
7852,949339
16525,197938
3823,770344
1858,736264
8638,106957
5777,833563
10277,354920
8002,106326
11877,942006
3964,863179
16783,386203
9896,360421
1733,612762
12470,69826
12569,244789
744,190451
13608,551129
3980,230874
13468,661053
15482,189523
4135,840920
8982,269466
1928,577732
12408,932212
2316,406372
3340,341755
7512,103056
10170,978686
2558,333167
16236,478087
9115,834211
11183,791459
6603,288727
8548,859218
13883,480623
10766,135921
9575,324368
12048,431559
928,51038
3068,746295
7603,854525
12725,943607
14089,183721
13055,359523
16602,980914
2797,176098
7467,305336
651,391017
16374,589939
16544,612990
3098,183708
3015,47359
13224,192561
11299,133449
14583,660818
4033,912450
12076,253047
15017,352189
13881,646568
13000,623456
676,119050
6331,282619
7681,620802
1435,792425
2966,714649
5825,56509
5422,240961
1663,262561
15561,711058
10062,775644
6476,513173
1957,857342
10795,515477
16197,56711
14421,353870
12994,519191
3493,479431
11545,987020
6726,273682
9513,640193
12556,385312
9553,726433
3734,131924
3109,938643
16319,256852
5959,572566
6683,266164
9438,352382
15857,752680
2421,940635
11540,198975
264,983214
16561,897394
12288,795034
9570,3906
5936,357069
11390,57685
6551,799600
3946,351628
7746,857791
2838,237827
2472,111104
3520,818915
1341,548933
3910,581429
5208,875271
12599,228929
2475,291058
10966,900405
5910,744660
11910,274394
16221,116669
10591,558672
3744,128553
6618,201683
8676,699192
11193,965759
12659,987253
14101,303609
14483,58804
8107,410893
10681,487443
10126,493141
4527,944326
16537,816820
15403,825606
11124,241648
7468,218919
3172,174624
15847,402856
8211,595049
9459,968954
5903,483218
7232,454915
3180,263239
7147,598408
10105,192272
7338,13437
2446,641543
6466,226977
5782,690979
6526,790717
14982,459989
14639,503668
16052,853329
12587,666931
13192,541541
9342,435435
6052,339784
7987,661919
12165,578932
15151,570506
16728,206325
12735,249986
939,74750
10983,159558
1385,428296
1892,98666
8352,717933
79,652645
7171,904761
6194,606046
6973,32205
13786,291361
2578,248783
11344,42868
14536,264422
13518,636063
15855,685323
4387,646734
1596,166775
4699,30721
4559,457208
6613,745751
7489,403512
2127,321549
16668,695420
5919,976749
7696,822688
12287,504399
1053,509700
7924,930747
16365,669653
13988,728936
7415,502568
6661,995466
14496,272868
15112,355374
16444,792825
8992,501561
11054,649861
3570,186337
11016,707792
10455,411243
10478,856112
7751,805768
7913,320493
4883,460128
12728,720226
11482,631066
12561,605214
2207,185600
11946,960296
10552,115783
14673,609716
6914,424511
15988,821999
3878,663632
13937,792092
11208,433620
3466,949797
2799,809575
13802,445151
15790,478749
845,894948
13261,189924
9986,449037
4771,440054
11763,777153
13249,356404
15982,147866
5295,269064
2828,22366
12717,919884
14541,844737
12898,86500
15190,385258
13553,606686
11589,462874
13168,390005
14224,697618
11844,177729
14578,466584
6770,234652
1003,254676
6716,305976
6204,562922
10213,201549
2961,755905
14134,842735
9134,605036
9906,901477
12114,179662
12706,78253
192,884953
11022,266195
14712,969648
2659,76648
7602,623215
3009,661261
4533,44880
5620,849153
12312,957156
10896,624906
7532,393907
5696,262896
10743,377849
16708,8769
5430,772128
4362,306792
15599,598333
8197,859298
8502,975245
554,625234
16301,889689
6206,581476
10523,914854
7221,257941
5906,938940
6724,48663
9167,803009
10380,816708
6209,545827
14298,607381
6854,541236
15218,744499
5081,996921
14572,345746
7743,147274
11071,491452
10673,498549
16276,857164
2840,708876
14414,860029
15739,356254
4743,966671
3156,225261
14879,443779
758,79834
14304,489015
1210,388915
1137,654219
6026,203194
841,594118
3993,405289
16554,10918
27,529540
13015,822428
9428,844787
6885,933082
2410,430367
743,143490
9361,50878
14016,961350
5040,828245
14255,98822
291,226447
3937,809103
13374,759974
14948,293603
37,234472
8226,444884
9547,333950
1000,518611
12406,107054
8314,648125
960,18246
31,448595
5905,121620
15833,278921
8146,750528
16718,796571
2231,996483
11286,180596
8275,428848
16706,424329
6594,613819
15521,2167
1131,211784
9595,329199
8354,37465
15777,546724
2330,359235
13382,531125
16721,424744
11393,93439
7009,15133
1474,60729
5816,183058
16032,547850
3422,727604
7231,588664
1565,60029
10574,451407
1107,591577
1458,326489
12716,550066
14039,709756
7099,3834
4498,17696
16394,186974
8760,713767
5016,908028
1097,984732
5433,656920
7847,857409
2903,333662
15929,893561
9066,256459
16152,534525
12383,894158
7591,327128
15435,750047
1556,811780
10644,43330
5333,430214
4266,113630
7946,464828
15594,409454
12127,71125
7697,226069
10020,427703
8999,7282
15708,915579
510,698629
7239,966771
414,469470
9095,688691
6136,603970
12482,610808
1254,34956
12989,238070
2923,910202
13845,283353
11169,96795
3031,730041
12704,632231
3430,524209
4483,752267
1438,307340
7790,191248
10260,24303
8340,72169
11099,905121
4392,820887
1551,283635
6566,592152
12689,121220
16117,831873
2800,679720
7779,830824
4546,929100
16734,134735
2506,288284
12457,715276
14626,634961
9816,500292
5055,517525
13894,131442
2676,860586
13860,556701
3029,246473
5048,676167
12857,750152
15813,64318
9973,848851
6664,700340
2764,393203
10746,397953
1068,420517
6797,741670
384,532035
16012,236421
10891,542174
1110,902943
10284,697143
15508,194607
6000,772420
15275,978957
5312,466703
391,335318
10154,95711
7256,395984
7947,353413
4097,46349
1526,924619
16261,569052
8470,264536
3270,135121
11212,256593
1261,449100
13456,228922
3862,423429
13241,435079
8526,765854
5013,680118
10205,285162
1346,512022
12977,71578
10073,912841
9623,542123
10590,409268
2773,396434
4444,93675
442,847842
8376,604529
13461,47243
13229,624998
8718,947100
12847,689097
12117,120870
14510,293035
9254,56645
16290,390689
3936,876997
12526,690822
7302,336150
3268,128979
13230,453128
12695,231307
14761,556302
15771,562459
12598,120009
15357,503551
9874,968158
7582,715233
16604,997025
2023,524548
13932,183299
13300,852908
14040,361092
12612,947099
14843,624961
5242,417002
1343,409940
14576,130306
6257,357595
25,861860
11043,423323
5047,799013
16080,556214
2161,934147
2444,575738
5459,663791
9033,913915
11539,291158
14256,418962
9219,421424
13840,630941
4848,575640
227,406378
6238,171679
15530,898369
594,859718
14505,597230
11748,707973
13771,32625
5778,785936
9820,846358
14066,296570
8498,209779
6058,756146
13661,230796
7992,596302
10264,529695
6924,199643
9183,667748
13325,467886
10467,660606
998,678665
3700,602799
5094,370549
11643,934518
8496,309905
16487,363936
7810,736053
15418,870267
16355,520564
3194,875214
9278,354400
2707,582066
5688,286230
7883,952440
5250,602617
12794,930824
15958,676951
68,974733
9505,706964
4162,701541
14730,498036
14671,630706
13981,457755
4445,583438
15067,887420
444,966818
1613,431965
8509,132244
877,2535
5170,28656
9846,849508
5915,382811
12459,548456
11318,945498
16009,92676
14466,700558
7896,87003
11280,215203
15529,668401
3859,250390
16193,526994
8796,124548
13010,942
8672,924600
16756,415190
6929,795503
6288,133796
2842,572460
13446,266316
10235,888815
7654,869043
15967,763575
8048,445994
4253,25209
8004,11981
1397,660868
4799,764575
8558,944129
6060,264041
5608,285719
10515,261761
8931,634481
2396,817915
4022,295374
12471,919558
1711,927408
11430,809810
9829,163820
4425,799723
9803,831651
4651,777524
2189,736229
6368,786927
6568,366608
13827,415991
4375,952117
5622,109035
10559,199036
10985,994988
159,365560
9038,1739
9382,902855
11998,434621
5184,863380
10542,160128
3537,896189
13475,949394
15536,530840
6948,665893
2888,779951
2830,712701
12064,765963
8922,300074
16427,272094
14051,844081
3251,92588
14202,158321
13756,116104
1421,500989
14187,776869
10166,395508
4923,887094
11570,584539
9844,898936
918,837836
8919,626445
8818,423719
2949,180179
2423,322341
15361,525537
13254,221626
9692,113566
7271,934020
2017,783451
4036,391975
11373,122576
13377,319183
9977,376953
7410,97098
11817,668019
2573,754654
6543,3560
8819,61721
312,880483
14517,423098
15090,381252
10789,418890
1910,21687
14652,278455
13121,475996
5125,397763
1959,824927
12034,155988
15595,982283
6153,993501
4053,662984
10877,789112
4529,961202
10158,681097
9236,819550
5299,370130
13059,709345
11152,67096
11914,973629
2442,816595
7044,384472
5893,655037
5035,545128
979,696851
3409,644148
6675,418541
11650,747746
5611,82964
5956,367248
16435,546330
14599,495557
4215,701633
8873,292272
14918,522659
10011,737721
11446,680595
1535,824433
14241,217388
9543,227484
10979,377283
14215,111529
12365,977250
6681,112696
2924,24546
6445,228326
12032,433096
10702,941769
2974,305435
3877,560489
15147,629589
15984,827025
2324,204449
7499,570759
3801,316207
4284,398087
9329,17755
3120,297702
2531,292804
13762,314865
3691,356065
8058,462256
4897,704553
14925,768528
4330,123493
5453,689381
6559,908763
425,250433
14024,752732
10413,88036
15294,909193
2821,348219
11509,865446
9074,828150
16091,471758
3642,777948
16124,852856
16449,557472
8684,77269
2392,926988
12234,543892
14199,743981
834,682751
1484,943361
15653,605302
11663,68524
15397,906977
11385,165616
10151,602935
13263,655508
4505,584399
1851,848324
15471,485075
6560,404294
4007,410633
10251,337059
265,851294
14770,543205
1353,139192
16335,273947
10859,139769
641,410094
11985,491876
8076,598133
14160,997505
12506,856673
8809,10357
6957,50845
4478,615064
4749,654951
12322,875290
13910,783412
8252,368790
2431,9683
12670,419911
7537,884310
4637,628664
2538,867109
15290,648021
16072,916969
16740,103595
6078,16242
16723,441953
3847,377937
5999,673521
7678,505343
4862,730978
12468,100433
13409,721121
12380,212507
8962,136464
11004,995399
792,16988
5687,709558
3906,391447
13554,335411
5863,541785
13459,439302
12378,517630
9935,299868
5674,523205
4535,538609
12310,303150
7048,228698
1143,52079
16085,355514
5358,908022
7100,983096
10384,177074
5006,785644
7371,344724
4720,300403
7577,897489
15196,38735
8467,881392
5251,934061
9220,459034
2151,656014
8081,508915
15824,550825
10545,142552
13403,538761
1559,870147
16795,859458
6293,53648
16024,840172
12167,708637
3078,410411
6736,331412
12124,574755
6489,344905
2778,919424
13074,781919
4075,114194
15195,522770
3160,523040
1272,73747
14776,51787
8497,136098
4,402279
15732,852291
9111,696242
10748,294016
8944,372233
1906,524267
11283,82822
14269,129106
16232,377290
1839,815198
7894,111801
5703,997158
1347,941110
4849,365953
5618,711306
9672,416136
2638,966464
1962,715293
11717,345047
13358,845395
8258,670092
8822,697396
2927,337641
14741,275519
8216,581601
12317,584514
13133,487975
1286,315930
13116,239029
9198,348762
13679,408919
13877,383710
5946,187309
7428,933501
1073,250645
13970,618542
8466,643194
13135,787175
1778,951756
195,88926
8973,474838
10674,365484
12350,651336
10295,549331
7251,168761
9245,870656
9126,366770
7740,214819
8956,892424
13686,157089
2864,631925
7110,150716
11331,986235
16637,153291
4580,56030
8909,880316
11932,349904
5243,967043
13419,648236
3459,319676
7053,469281
14691,275431
12535,182577
560,418567
7514,227101
5305,638638
11231,153609
8803,171343
9791,227654
130,122200
5874,621564
1440,776120
6474,544797
12168,914115
13187,870573
9831,394771
15943,36718
15846,544085
1402,694727
4968,918738
5131,161047
15580,921185
10869,184588
4679,314132
13908,32168
13489,435997
16352,156975
5691,891745
8780,495259
11933,469069
4136,749966
12873,73735
13330,981619
797,113932
6450,472146
10056,592240
1050,343243
1202,13361
6680,376563
174,969861
6337,905
6704,678244
266,143744
9195,32906
14668,684963
9315,77821
469,425613
8852,513785
10907,996541
5287,359465
4548,351294
9637,991388
11010,511220
9564,860040
2681,789736
6776,319264
8311,750721
6580,808720
14417,8750
3892,138606
4929,641429
7340,789800
13225,216364
5581,338853
8015,621229
13567,381826
10596,885349
11291,812391
10901,663022
9349,584329
4030,367580
8357,447885
829,408916
5529,128191
4134,217704
4867,937089
903,721482
3701,465
12916,596369
9031,336146
1965,105839
13851,453499
9314,117101
7386,160819
4088,101015
14907,179727
5991,745841
10265,435573
15260,33710
8053,10420
9577,700819
15509,566148
12153,743072
3218,643711
4740,666785
682,18977
12176,906002
12385,423946
2523,358697
5801,411950
12751,888442
15121,886779
517,694700
4822,446521
1129,729181
12396,689416
11329,602536
11856,36670
3653,754329
13404,682785
14486,213197
3502,99092
7717,583408
8808,276328
11676,745991
7033,393350
1681,963133
6658,388524
959,217442
4871,225169
6946,967220
13763,951771
15320,809306
3065,727694
14742,9364
13959,434554
2427,428966
1716,729960
6258,826656
16677,620062
206,914560
13659,400000
7782,784972
3308,21809
9073,16035
6342,729881
868,871660
10153,662751
16788,304291
14886,767424
4674,954991
13599,610407
6851,491836
6443,842710
9903,281374
8321,299316
10686,371980
11106,645753
11845,671770
2439,890931
5461,558803
14559,447418
10215,465461
13566,228552
16563,726888
10492,782371
13847,603360
3607,220579
2844,681446
3499,615114
7478,468470
4728,645721
10883,539298
13602,868088
3751,303951
10299,206140
13023,982907
14498,396300
13601,41609
5787,436127
7853,265549
2429,652772
2359,629885
13926,743393
4278,121436
14307,357805
15677,331242
9,319777
12630,158028
16428,19993
13285,441429
7902,512203
866,645621
6077,308222
4015,96402
16350,571283
14793,665500
1409,821574
5199,54500
12036,275125
9654,932709
13106,780129
11780,362078
355,101018
6247,293383
1045,186160
4019,474208
2048,73710
14586,950497
6720,122499
5509,592622
8463,290633
3202,17527
6910,299814
5701,55849
1,276629
6853,95761
5386,762515
9251,983174
8580,103756
3644,902947
3258,736784
329,520919
5038,702018
2526,596782
2082,612010
11081,198618
3927,8761
12305,393152
10975,872702
2590,428427
9337,897219
9368,496124
16111,487548
986,671186
426,145458
10040,911798
16463,283217
3704,916503
15406,183294
10035,81913
16251,777953
9520,653315
503,72297
8260,730074
14309,794938
16054,389876
3885,405099
5924,347776
12843,295426
14300,692412
12608,310775
11437,92135
9535,587650
1528,263752
11518,807079
6401,875621
9129,654909
13069,488811
16607,518138
1473,849915
6085,564465
4067,404738
9178,370752
5090,242950
15046,462121
13621,691946
16065,304614
1944,874145
1060,220110
1764,768360
1705,18957
9961,808295
18,641113
10371,946284
13185,285254
13139,504374
3161,719889
11931,880241
8759,206240
12969,432809
14329,33692
3637,160438
1165,108823
9976,225493
16490,329572
2074,46062
15364,627830
11394,111862
10222,208399
5948,610791
7494,759794
6285,197118
15220,124151
3237,893750
3528,68078
6289,236003
15784,798235
15321,82329
4562,264884
6402,803336
12688,4812
3536,10947
8426,341157
12434,495219
5645,63666
15080,442072
4677,736471
9818,202266
13496,951867
15682,421736
6284,140411
14342,13555
8109,683181
14818,718010
5724,996773
7471,162264
14905,164938
9719,802076
10637,98632
12838,449890
15949,146649
2334,283751
3416,301613
12303,647101
528,915395
980,164183
1298,766763
13728,898111
10842,560531
14596,415294
1899,727719
16380,489101
7855,28236
8147,184493
11469,276088
5779,86292
3389,127390
7885,840906
5254,710043
6383,821648
3498,24516
16166,568042
2413,264003
14653,873267
9345,26063
13711,36524
822,68085
12640,419205
11954,907635
7914,846089
7394,960033
7354,399167
13058,13973
4836,475134
362,18112
9365,239347
211,111570
8543,798097
188,449317
14196,967939
7114,645899
13431,834024
12869,84082
16681,848555
16528,234014
390,951764
11752,319895
4408,508410
3315,820647
16071,145596
16535,990000
12463,688233
12790,423954
11787,960649
14577,577818
4431,683781
10286,273848
1676,194527
13993,609394
4761,177129
14670,829873
4795,351362
15411,356085
2909,886818
8236,803541
14017,291924
13974,312836
6513,168832
7695,772574
5286,645408
4902,886900
1124,347022
10436,870452
14749,757086
2609,356719
14548,775471
1566,968955
3649,728850
16101,282547
13095,768658
2779,533124
14203,390425
11019,426533
7653,453848
12835,898869
9683,285517
6955,622041
11504,933586
12110,348809
237,370475
2612,563316
8855,971298
8729,511845
11580,667658
13807,76179
5375,790317
16767,82142
14540,396461
255,144209
3586,989511
5671,528364
10311,200045
13280,73351
1788,616574
12128,788282
3576,264640
1285,626628
13502,164990
6518,743413
1729,282
5398,287077
12539,526780
1476,266672
5057,964840
5133,345506
2196,947883
4041,981277
5252,922329
12879,807660
13210,462736
7390,956018
15942,790680
7054,713021
14632,844212
10208,900077
14120,137813
13607,465380
9647,89
12134,548594
8593,824749
16231,618618
12474,540936
11640,566730
1685,96352
4474,168521
15313,259928
1736,618064
16471,517235
12517,450610
15437,342453
3381,406593
16555,277289
15738,829905
2896,369613
11356,409603
9734,947318
1890,117273
15344,539093
13575,938237
14595,931100
10567,913403
12889,827376
1213,24596
8841,48137
473,942629
14853,352540
15271,330085
14191,604760
12703,877838
2649,88301
14916,759871
8975,736502
12108,330719
6070,744207
15765,50985
3713,545115
1618,941892
13874,191073
4407,598047
8550,355894
15759,539470
7808,120368
1127,597080
13108,772142
4426,581896
6175,694850
7903,122566
2076,902386
9924,308089
2322,305745
13844,365489
13871,61656
5908,87293
429,220072
3443,694995
170,885281
9879,137405
15324,859898
15616,475858
14217,949740
5262,455124
13426,683974
13286,739620
10464,82474
10881,709321
12776,941448
10664,95503
15237,610404
15999,306334
4816,399161
13856,966816
2701,731453
635,780706
4016,165105
64,610358
4881,904207
7017,163210
7184,298093
487,151315
15897,919662
11444,315548
3260,754429
3127,982799
7899,594422
5705,7730
12960,384480
4046,544291
2190,946100
15787,69201
1926,744104
3944,776695
14709,357749
13046,849741
9845,16370
7432,46497
11524,154748
6393,523720
11323,599868
10352,791427
6811,7393
2606,318463
11660,944163
8305,838537
7357,779543
14796,536536
15587,585070
2461,569468
5605,264662
6554,421877
7662,226263
11798,108168
12078,913799
1758,571333
7661,649692
3335,716014
2854,632942
16659,589946
5241,154833
16469,52013
16098,619529
15049,859097
5152,467939
2166,288603
16465,18474
1768,317477
8744,561204
10594,229461
1339,394035
6998,394439
723,516332
11357,192136
4413,337030
5026,284608
4412,387249
537,32931
10270,122917
9571,211689
9969,656046
7822,192078
6621,860762
208,209503
5195,935812
7032,731279
8263,996431
14719,40176
15622,10603
4259,934271
3085,754062
172,888218
7130,263379
8767,545350
3087,125160
4089,244868
11477,562239
2246,680889
1793,233502
1630,746254
1189,708441
6050,630286
8752,849951
8963,832029
9671,513641
4820,817797
4475,97584
6396,490319
8932,394036
162,990103
10847,699160
5692,726645
7316,951643
5485,60759
9780,139624
7307,397321
9739,698724
7426,473069
835,487810
11744,154832
11907,379991
5684,669536
10335,487695
4466,535368
11593,20342
244,850272
15205,343925
6071,550536
9455,722692
15862,106135
8165,740739
5002,378363
5922,746948
16616,859436
7615,340540
7911,811023
7748,960020
11265,569565
15820,466753
6648,59338
7117,9249
10262,183244
2853,175408
4606,602887
12747,846013
3953,915814
3552,605948
2675,887368
4611,257300
2025,433741
5424,846128
8546,58809
8875,199083
2807,312403
8578,720537
786,810864
3945,578984
16733,66795
16191,223228
12669,806601
10493,291209
6671,576614
9330,426072
1622,811986
8713,587937
8696,572334
9187,471897
14551,932964
2646,91912
9563,536293
4031,874690
5155,918849
12116,674609
3834,184104
7785,687421
307,890732
13663,110896
16357,251414
10646,161472
5615,389313
4604,991144
9308,310264
16789,633132
15721,197873
4994,704433
5454,992208
4034,931572
1420,344055
6453,439863
8167,510967
11657,303467
14356,807690
2024,649617
7701,270918
6291,309450
789,599254
16315,633017
3677,514138
13309,864445
2088,835741
3707,429658
5240,916484
13197,725467
3147,632721
76,720391
14287,197563
7940,126523
2515,263240
4891,694573
7623,930551
10671,504438
13030,854527
14686,52640
13272,729366
14954,129783
16264,487932
14461,891158
13107,867095
8740,459501
2824,679517
1645,231925
15613,115290
4803,799658
971,980090
13952,488578
3320,518805
15110,512135
2440,409350
10462,610764
6011,660164
9405,301832
511,275295
4141,870235
11651,308514
343,745876
14750,797303
3711,259892
6322,199002
6533,527986
6089,974084
286,144574
7639,37630
16722,430062
9157,376348
7137,576371
6669,706926
3326,96437
5820,687315
11604,657078
16087,708235
5327,378482
13639,199441
349,640539
15181,901843
4821,761558
1740,99699
3450,852469
16064,902162
1804,846754
5296,710663
5346,220073
4723,357459
417,873947
15756,832785
14090,187572
14778,881436
2560,279033
12920,822228
8249,72841
7125,778309
11732,35472
13365,950
5361,757048
15937,135109
2591,350889
15706,265110
2105,542463
7220,574126
14562,39189
6836,868242
8180,216564
4695,302057
5783,829077
4780,5650
12504,509054
